BookID,Title,Genre,BorrowerName,BorrowDate,ReturnDate,Status
1001,Math Magic,Education,Mark,2025-07-26,2025-07-31,Returned
1002,The Hobbit,Fiction,Melissa,2025-06-21,2025-08-03,Borrowed
1003,The Power of Now,Spirituality,Madison,2025-06-26,2025-07-02,Returned
1004,Data Science 101,Education,Steven,2025-07-14,2025-08-05,Borrowed
1005,Nineteen Eighty-Four,Fiction,John,2025-07-31,2025-08-14,Borrowed
1006,The Power of Now,Spirituality,Elizabeth,2025-07-06,2025-08-11,Borrowed
1007,Percy Jackson,Fantasy,Erin,2025-06-25,2025-06-30,Returned
1008,Animal Farm,Fiction,Pamela,2025-07-12,2025-08-04,Borrowed
1009,Java Programming,Education,Matthew,2025-07-12,2025-08-08,Borrowed
1010,Math Magic,Education,Kristine,2025-06-05,2025-06-12,Overdue
1011,The Subtle Art of Not Giving a F*ck,Self-help,Donald,2025-06-26,2025-07-03,Overdue
1012,Wings of Fire,Biography,Amanda,2025-06-15,2025-08-08,Borrowed
1013,Diary of a Wimpy Kid,Comedy,Richard,2025-06-29,2025-08-11,Borrowed
1014,Sapiens,History,Harold,2025-06-21,2025-08-03,Borrowed
1015,Data Science 101,Education,Karen,2025-06-25,2025-08-06,Borrowed
1016,Diary of a Wimpy Kid,Comedy,Natalie,2025-07-10,2025-07-17,Overdue
1017,Atomic Habits,Self-help,David,2025-06-07,2025-06-16,Returned
1018,Sapiens,History,Thomas,2025-06-25,2025-08-05,Borrowed
1019,Percy Jackson,Fantasy,Shawn,2025-06-21,2025-07-06,Returned
1020,The Subtle Art of Not Giving a F*ck,Self-help,Brian,2025-06-25,2025-08-05,Borrowed
1021,Animal Farm,Fiction,Alicia,2025-07-11,2025-08-10,Borrowed
1022,The Hobbit,Fiction,Sheila,2025-06-06,2025-08-02,Borrowed
1023,The Hobbit,Fiction,David,2025-07-04,2025-07-11,Overdue
1024,Atomic Habits,Self-help,Carol,2025-07-21,2025-08-11,Borrowed
1025,The Alchemist,Fiction,Tony,2025-06-13,2025-06-21,Returned
1026,Atomic Habits,Self-help,Melinda,2025-07-08,2025-07-23,Returned
1027,Percy Jackson,Fantasy,Teresa,2025-07-01,2025-08-10,Borrowed
1028,The Power of Now,Spirituality,James,2025-06-28,2025-07-07,Returned
1029,Python Crash Course,Education,Kimberly,2025-06-19,2025-08-05,Borrowed
1030,Science World,Education,Alexandra,2025-07-31,2025-08-01,Returned
1031,Data Science 101,Education,Stacy,2025-06-19,2025-08-04,Borrowed
1032,Python Crash Course,Education,Jeremy,2025-07-06,2025-08-08,Borrowed
1033,The Subtle Art of Not Giving a F*ck,Self-help,Frederick,2025-07-26,2025-08-01,Returned
1034,The Power of Now,Spirituality,Ashley,2025-06-27,2025-07-02,Returned
1035,Math Magic,Education,Nicholas,2025-06-04,2025-06-11,Overdue
1036,Percy Jackson,Fantasy,Dustin,2025-07-27,2025-08-11,Borrowed
1037,Python Crash Course,Education,Michael,2025-07-01,2025-07-08,Returned
1038,Percy Jackson,Fantasy,John,2025-07-21,2025-08-01,Returned
1039,Nineteen Eighty-Four,Fiction,Wendy,2025-07-16,2025-07-23,Overdue
1040,The Silent Patient,Thriller,Lauren,2025-06-21,2025-07-06,Returned
1041,Java Programming,Education,Garrett,2025-07-11,2025-08-04,Borrowed
1042,The Power of Now,Spirituality,Michael,2025-06-22,2025-06-29,Overdue
1043,The Subtle Art of Not Giving a F*ck,Self-help,Melinda,2025-06-23,2025-07-03,Returned
1044,Math Magic,Education,Jonathan,2025-06-17,2025-06-24,Overdue
1045,The Silent Patient,Thriller,Brad,2025-06-09,2025-08-11,Borrowed
1046,Diary of a Wimpy Kid,Comedy,David,2025-07-10,2025-07-16,Returned
1047,Diary of a Wimpy Kid,Comedy,Haley,2025-06-13,2025-06-26,Returned
1048,Science World,Education,Brittany,2025-07-23,2025-08-01,Returned
1049,The Power of Now,Spirituality,Kelsey,2025-07-18,2025-08-11,Borrowed
1050,Python Crash Course,Education,Jacob,2025-07-11,2025-07-18,Overdue
1051,Java Programming,Education,Jessica,2025-07-13,2025-08-07,Borrowed
1052,Wings of Fire,Biography,William,2025-07-26,2025-08-01,Returned
1053,The Hobbit,Fiction,Christina,2025-07-18,2025-08-02,Borrowed
1054,Algorithms Unlocked,Education,Barbara,2025-07-28,2025-08-10,Borrowed
1055,Harry Potter,Fiction,Tracy,2025-07-15,2025-07-21,Returned
1056,Data Science 101,Education,Paul,2025-06-27,2025-08-02,Borrowed
1057,The Alchemist,Fiction,Kyle,2025-07-07,2025-07-13,Returned
1058,Percy Jackson,Fantasy,Carolyn,2025-07-21,2025-08-01,Returned
1059,The Power of Now,Spirituality,Kenneth,2025-07-24,2025-07-31,Returned
1060,Algorithms Unlocked,Education,Michael,2025-06-07,2025-06-21,Returned
1061,Rich Dad Poor Dad,Finance,Matthew,2025-07-17,2025-08-03,Borrowed
1062,Python Crash Course,Education,Kevin,2025-06-02,2025-06-12,Returned
1063,Wings of Fire,Biography,Joseph,2025-07-05,2025-07-10,Returned
1064,Math Magic,Education,Jeanette,2025-07-07,2025-07-12,Returned
1065,The Alchemist,Fiction,Christine,2025-06-20,2025-08-05,Borrowed
1066,The Power of Now,Spirituality,Sara,2025-06-24,2025-08-04,Borrowed
1067,Percy Jackson,Fantasy,Catherine,2025-06-04,2025-08-03,Borrowed
1068,Wings of Fire,Biography,David,2025-06-19,2025-08-10,Borrowed
1069,Harry Potter,Fiction,Tony,2025-07-05,2025-07-12,Overdue
1070,The Hobbit,Fiction,Rebecca,2025-06-10,2025-06-17,Returned
1071,Rich Dad Poor Dad,Finance,Christine,2025-06-02,2025-06-09,Overdue
1072,Data Science 101,Education,Christopher,2025-07-07,2025-08-08,Borrowed
1073,Percy Jackson,Fantasy,Richard,2025-06-05,2025-08-10,Borrowed
1074,Rich Dad Poor Dad,Finance,Brian,2025-06-18,2025-08-05,Borrowed
1075,Data Science 101,Education,Antonio,2025-07-14,2025-07-28,Returned
1076,Data Science 101,Education,Curtis,2025-07-25,2025-08-11,Borrowed
1077,Rich Dad Poor Dad,Finance,Nathan,2025-07-30,2025-07-27,Overdue
1078,Animal Farm,Fiction,William,2025-06-25,2025-07-02,Overdue
1079,Diary of a Wimpy Kid,Comedy,Zachary,2025-07-04,2025-08-03,Borrowed
1080,The Hobbit,Fiction,Martha,2025-07-16,2025-08-11,Borrowed
1081,The Hobbit,Fiction,Seth,2025-06-11,2025-06-25,Returned
1082,The Subtle Art of Not Giving a F*ck,Self-help,Eric,2025-06-28,2025-07-04,Returned
1083,Algorithms Unlocked,Education,Pamela,2025-06-15,2025-06-29,Returned
1084,Percy Jackson,Fantasy,Sarah,2025-07-18,2025-07-26,Returned
1085,The Alchemist,Fiction,Eric,2025-06-13,2025-08-04,Borrowed
1086,The Silent Patient,Thriller,Paul,2025-07-10,2025-08-03,Borrowed
1087,Harry Potter,Fiction,David,2025-06-23,2025-07-05,Returned
1088,Algorithms Unlocked,Education,Scott,2025-07-29,2025-08-05,Borrowed
1089,Nineteen Eighty-Four,Fiction,James,2025-07-12,2025-08-07,Borrowed
1090,Diary of a Wimpy Kid,Comedy,Matthew,2025-07-30,2025-08-07,Borrowed
1091,Wings of Fire,Biography,Laura,2025-07-28,2025-08-01,Returned
1092,The Subtle Art of Not Giving a F*ck,Self-help,Harry,2025-07-06,2025-07-21,Returned
1093,The Power of Now,Spirituality,Robert,2025-06-25,2025-07-02,Overdue
1094,Math Magic,Education,Carla,2025-07-10,2025-08-03,Borrowed
1095,The Power of Now,Spirituality,Angela,2025-06-15,2025-08-11,Borrowed
1096,Java Programming,Education,Travis,2025-07-07,2025-08-06,Borrowed
1097,Nineteen Eighty-Four,Fiction,Tiffany,2025-06-24,2025-08-02,Borrowed
1098,Diary of a Wimpy Kid,Comedy,Ashley,2025-06-14,2025-06-29,Returned
1099,Percy Jackson,Fantasy,Brenda,2025-06-27,2025-08-04,Borrowed
1100,Percy Jackson,Fantasy,Kyle,2025-07-14,2025-07-21,Returned
1101,The Power of Now,Spirituality,Michael,2025-07-05,2025-07-16,Returned
1102,Math Magic,Education,Ariel,2025-06-05,2025-06-12,Overdue
1103,Science World,Education,Tammy,2025-06-18,2025-08-07,Borrowed
1104,Algorithms Unlocked,Education,Elizabeth,2025-07-09,2025-08-04,Borrowed
1105,Data Science 101,Education,Debra,2025-07-12,2025-08-02,Borrowed
1106,Sapiens,History,Jeff,2025-07-27,2025-08-01,Returned
1107,Math Magic,Education,Joseph,2025-07-21,2025-07-31,Returned
1108,Python Crash Course,Education,Marie,2025-06-02,2025-06-16,Returned
1109,The Hobbit,Fiction,Kendra,2025-07-27,2025-07-30,Overdue
1110,Python Crash Course,Education,Beverly,2025-06-14,2025-08-07,Borrowed
1111,Python Crash Course,Education,Michael,2025-07-11,2025-07-18,Overdue
1112,The Hobbit,Fiction,Angela,2025-07-23,2025-08-03,Borrowed
1113,Atomic Habits,Self-help,Amber,2025-07-20,2025-07-27,Overdue
1114,The Hobbit,Fiction,Jack,2025-06-16,2025-06-23,Overdue
1115,Wings of Fire,Biography,Elaine,2025-06-22,2025-08-05,Borrowed
1116,The Hobbit,Fiction,Stephanie,2025-06-12,2025-06-17,Returned
1117,Atomic Habits,Self-help,Roger,2025-06-04,2025-08-03,Borrowed
1118,Percy Jackson,Fantasy,Gina,2025-07-15,2025-07-25,Returned
1119,Atomic Habits,Self-help,Jonathan,2025-07-31,2025-07-27,Overdue
1120,The Alchemist,Fiction,Natasha,2025-06-21,2025-08-06,Borrowed
1121,Animal Farm,Fiction,Patrick,2025-06-19,2025-06-26,Overdue
1122,Percy Jackson,Fantasy,Jessica,2025-06-30,2025-08-08,Borrowed
1123,Sapiens,History,Christine,2025-06-22,2025-07-02,Returned
1124,Nineteen Eighty-Four,Fiction,Lisa,2025-07-22,2025-08-11,Borrowed
1125,Java Programming,Education,Kimberly,2025-07-18,2025-08-08,Borrowed
1126,Harry Potter,Fiction,Emma,2025-06-21,2025-06-28,Overdue
1127,The Power of Now,Spirituality,Deborah,2025-06-20,2025-07-05,Returned
1128,Java Programming,Education,Tyler,2025-06-30,2025-07-10,Returned
1129,The Alchemist,Fiction,Valerie,2025-06-26,2025-08-03,Borrowed
1130,The Silent Patient,Thriller,Benjamin,2025-07-27,2025-08-09,Borrowed
1131,The Alchemist,Fiction,Carla,2025-06-14,2025-06-25,Returned
1132,The Power of Now,Spirituality,Jose,2025-07-01,2025-08-08,Borrowed
1133,Animal Farm,Fiction,Pamela,2025-07-04,2025-07-18,Returned
1134,Atomic Habits,Self-help,Logan,2025-07-10,2025-07-17,Overdue
1135,The Silent Patient,Thriller,Jessica,2025-07-08,2025-08-11,Borrowed
1136,The Subtle Art of Not Giving a F*ck,Self-help,Denise,2025-06-16,2025-08-09,Borrowed
1137,Wings of Fire,Biography,Michele,2025-07-11,2025-08-09,Borrowed
1138,Animal Farm,Fiction,Gina,2025-06-30,2025-08-10,Borrowed
1139,The Subtle Art of Not Giving a F*ck,Self-help,Dominique,2025-07-15,2025-08-05,Borrowed
1140,The Silent Patient,Thriller,Devin,2025-07-11,2025-07-18,Overdue
1141,Science World,Education,Kathleen,2025-06-18,2025-08-09,Borrowed
1142,The Subtle Art of Not Giving a F*ck,Self-help,Laura,2025-06-06,2025-06-12,Returned
1143,Algorithms Unlocked,Education,Brandon,2025-06-07,2025-06-15,Returned
1144,Atomic Habits,Self-help,Sarah,2025-07-18,2025-08-04,Borrowed
1145,Harry Potter,Fiction,Brandon,2025-06-02,2025-06-08,Returned
1146,The Hobbit,Fiction,Sharon,2025-06-15,2025-06-22,Overdue
1147,Nineteen Eighty-Four,Fiction,Darrell,2025-07-15,2025-08-05,Borrowed
1148,Math Magic,Education,Richard,2025-06-14,2025-08-09,Borrowed
1149,Nineteen Eighty-Four,Fiction,Scott,2025-06-09,2025-06-22,Returned
1150,Wings of Fire,Biography,Tina,2025-07-31,2025-07-27,Overdue
1151,Python Crash Course,Education,Sherry,2025-06-04,2025-06-17,Returned
1152,Animal Farm,Fiction,Veronica,2025-07-31,2025-08-01,Returned
1153,The Hobbit,Fiction,Jeffrey,2025-06-02,2025-08-10,Borrowed
1154,Rich Dad Poor Dad,Finance,Joshua,2025-07-30,2025-08-14,Borrowed
1155,Diary of a Wimpy Kid,Comedy,Troy,2025-06-20,2025-08-07,Borrowed
1156,The Alchemist,Fiction,Desiree,2025-07-26,2025-08-08,Borrowed
1157,The Hobbit,Fiction,Benjamin,2025-07-21,2025-08-01,Returned
1158,Java Programming,Education,Brandi,2025-07-19,2025-07-25,Returned
1159,The Alchemist,Fiction,Tony,2025-06-20,2025-07-03,Returned
1160,Data Science 101,Education,Laura,2025-06-22,2025-06-29,Overdue
1161,Atomic Habits,Self-help,Natalie,2025-07-21,2025-07-28,Overdue
1162,Harry Potter,Fiction,George,2025-06-19,2025-08-02,Borrowed
1163,Sapiens,History,Julie,2025-06-29,2025-07-08,Returned
1164,Python Crash Course,Education,Jacob,2025-06-06,2025-06-19,Returned
1165,The Power of Now,Spirituality,Joseph,2025-07-17,2025-07-24,Overdue
1166,Rich Dad Poor Dad,Finance,Christopher,2025-06-09,2025-08-09,Borrowed
1167,Harry Potter,Fiction,Courtney,2025-07-11,2025-08-08,Borrowed
1168,Animal Farm,Fiction,Ryan,2025-06-17,2025-06-24,Overdue
1169,The Subtle Art of Not Giving a F*ck,Self-help,Ann,2025-06-14,2025-08-08,Borrowed
1170,Algorithms Unlocked,Education,Rhonda,2025-06-23,2025-07-07,Returned
1171,Diary of a Wimpy Kid,Comedy,Monique,2025-06-27,2025-07-12,Returned
1172,Wings of Fire,Biography,Melinda,2025-06-26,2025-08-08,Borrowed
1173,The Alchemist,Fiction,Matthew,2025-06-23,2025-07-01,Returned
1174,The Alchemist,Fiction,Oscar,2025-06-15,2025-08-08,Borrowed
1175,Percy Jackson,Fantasy,Leslie,2025-07-04,2025-07-10,Returned
1176,The Power of Now,Spirituality,Donna,2025-06-09,2025-06-16,Overdue
1177,Sapiens,History,Nathan,2025-06-11,2025-06-19,Returned
1178,Data Science 101,Education,Erica,2025-07-14,2025-07-21,Overdue
1179,Java Programming,Education,Katherine,2025-06-07,2025-06-12,Returned
1180,The Hobbit,Fiction,Stephen,2025-06-11,2025-06-18,Returned
1181,Math Magic,Education,Angela,2025-07-26,2025-07-28,Overdue
1182,Percy Jackson,Fantasy,Elizabeth,2025-06-12,2025-08-11,Borrowed
1183,Math Magic,Education,Jason,2025-07-25,2025-07-31,Overdue
1184,Algorithms Unlocked,Education,Mary,2025-07-27,2025-07-27,Overdue
1185,Atomic Habits,Self-help,Sherry,2025-07-31,2025-07-30,Overdue
1186,Diary of a Wimpy Kid,Comedy,Eric,2025-06-21,2025-07-05,Returned
1187,The Hobbit,Fiction,Brian,2025-07-23,2025-07-29,Returned
1188,The Silent Patient,Thriller,Carla,2025-06-18,2025-07-03,Returned
1189,Math Magic,Education,Paula,2025-07-28,2025-08-01,Returned
1190,Sapiens,History,Erika,2025-07-11,2025-07-24,Returned
1191,Sapiens,History,Sierra,2025-07-29,2025-08-01,Returned
1192,The Alchemist,Fiction,Harold,2025-06-10,2025-06-17,Overdue
1193,Rich Dad Poor Dad,Finance,Gregory,2025-07-16,2025-07-22,Returned
1194,Sapiens,History,Kevin,2025-07-14,2025-07-21,Overdue
1195,Wings of Fire,Biography,Seth,2025-06-18,2025-06-25,Returned
1196,Nineteen Eighty-Four,Fiction,Kevin,2025-07-25,2025-08-10,Borrowed
1197,Rich Dad Poor Dad,Finance,Jon,2025-07-25,2025-08-01,Returned
1198,Algorithms Unlocked,Education,Nicole,2025-07-14,2025-08-05,Borrowed
1199,Diary of a Wimpy Kid,Comedy,Jared,2025-07-20,2025-07-27,Overdue
1200,The Hobbit,Fiction,Sandra,2025-07-17,2025-07-29,Returned
1201,Atomic Habits,Self-help,John,2025-06-15,2025-08-07,Borrowed
1202,Animal Farm,Fiction,Shannon,2025-06-14,2025-08-06,Borrowed
1203,The Alchemist,Fiction,Amber,2025-06-24,2025-07-01,Overdue
1204,Percy Jackson,Fantasy,Matthew,2025-07-19,2025-08-05,Borrowed
1205,Diary of a Wimpy Kid,Comedy,Kevin,2025-07-04,2025-07-12,Returned
1206,Rich Dad Poor Dad,Finance,Robert,2025-07-21,2025-08-01,Returned
1207,Rich Dad Poor Dad,Finance,Brittany,2025-06-21,2025-07-06,Returned
1208,Wings of Fire,Biography,Sarah,2025-07-28,2025-08-05,Borrowed
1209,Atomic Habits,Self-help,Ryan,2025-07-05,2025-08-11,Borrowed
1210,Sapiens,History,Tanner,2025-07-04,2025-07-16,Returned
1211,Sapiens,History,Alan,2025-07-05,2025-07-12,Overdue
1212,The Power of Now,Spirituality,Debra,2025-06-02,2025-08-09,Borrowed
1213,Percy Jackson,Fantasy,Bruce,2025-07-07,2025-08-03,Borrowed
1214,Java Programming,Education,Priscilla,2025-07-29,2025-08-10,Borrowed
1215,Animal Farm,Fiction,Jessica,2025-06-17,2025-08-09,Borrowed
1216,Percy Jackson,Fantasy,Ricardo,2025-06-02,2025-06-09,Overdue
1217,Nineteen Eighty-Four,Fiction,Matthew,2025-06-30,2025-08-03,Borrowed
1218,Java Programming,Education,Kathryn,2025-07-02,2025-08-04,Borrowed
1219,The Silent Patient,Thriller,Christie,2025-07-02,2025-07-07,Returned
1220,Science World,Education,Peter,2025-06-21,2025-08-02,Borrowed
1221,The Power of Now,Spirituality,Erika,2025-06-14,2025-06-23,Returned
1222,Science World,Education,Linda,2025-07-26,2025-07-28,Overdue
1223,Math Magic,Education,Pedro,2025-06-07,2025-06-12,Returned
1224,Rich Dad Poor Dad,Finance,Kelly,2025-06-30,2025-07-12,Returned
1225,Animal Farm,Fiction,Steven,2025-06-04,2025-08-09,Borrowed
1226,Math Magic,Education,Chris,2025-06-26,2025-07-02,Returned
1227,Diary of a Wimpy Kid,Comedy,Anthony,2025-06-22,2025-07-06,Returned
1228,Data Science 101,Education,Thomas,2025-07-06,2025-08-11,Borrowed
1229,The Silent Patient,Thriller,Nicole,2025-06-03,2025-06-10,Overdue
1230,Math Magic,Education,Jason,2025-06-20,2025-07-03,Returned
1231,The Subtle Art of Not Giving a F*ck,Self-help,Amber,2025-06-13,2025-06-27,Returned
1232,The Hobbit,Fiction,Gail,2025-07-08,2025-08-09,Borrowed
1233,The Silent Patient,Thriller,Misty,2025-07-25,2025-07-29,Overdue
1234,Algorithms Unlocked,Education,Hannah,2025-07-31,2025-08-14,Borrowed
1235,Java Programming,Education,Kevin,2025-07-30,2025-08-14,Borrowed
1236,Animal Farm,Fiction,Denise,2025-07-24,2025-08-03,Borrowed
1237,Animal Farm,Fiction,Jeremy,2025-07-08,2025-07-13,Returned
1238,The Subtle Art of Not Giving a F*ck,Self-help,Angela,2025-07-13,2025-08-05,Borrowed
1239,The Silent Patient,Thriller,Katrina,2025-07-27,2025-08-01,Returned
1240,Wings of Fire,Biography,Sean,2025-06-23,2025-06-29,Returned
1241,Percy Jackson,Fantasy,Julie,2025-07-16,2025-07-31,Returned
1242,Java Programming,Education,James,2025-07-07,2025-08-05,Borrowed
1243,Science World,Education,Michael,2025-06-13,2025-06-20,Overdue
1244,Diary of a Wimpy Kid,Comedy,William,2025-06-24,2025-08-06,Borrowed
1245,The Subtle Art of Not Giving a F*ck,Self-help,Christopher,2025-06-04,2025-06-11,Overdue
1246,Wings of Fire,Biography,Anthony,2025-07-28,2025-08-01,Returned
1247,The Silent Patient,Thriller,Luis,2025-07-29,2025-07-27,Overdue
1248,The Power of Now,Spirituality,Justin,2025-07-13,2025-07-25,Returned
1249,The Subtle Art of Not Giving a F*ck,Self-help,Gabrielle,2025-07-12,2025-07-19,Overdue
1250,The Alchemist,Fiction,Kelly,2025-07-13,2025-08-03,Borrowed
1251,The Hobbit,Fiction,Eric,2025-06-09,2025-06-16,Overdue
1252,Algorithms Unlocked,Education,Scott,2025-06-26,2025-07-03,Overdue
1253,Percy Jackson,Fantasy,Michael,2025-07-23,2025-08-06,Borrowed
1254,Rich Dad Poor Dad,Finance,Ryan,2025-06-29,2025-07-12,Returned
1255,Percy Jackson,Fantasy,Matthew,2025-07-01,2025-07-08,Overdue
1256,Python Crash Course,Education,Brandon,2025-07-23,2025-07-30,Overdue
1257,Diary of a Wimpy Kid,Comedy,Laura,2025-07-13,2025-08-07,Borrowed
1258,The Alchemist,Fiction,Toni,2025-06-07,2025-08-04,Borrowed
1259,The Alchemist,Fiction,Debra,2025-07-15,2025-07-26,Returned
1260,The Silent Patient,Thriller,Joshua,2025-06-02,2025-06-09,Overdue
1261,The Power of Now,Spirituality,Connor,2025-07-16,2025-07-21,Returned
1262,The Alchemist,Fiction,Michael,2025-06-08,2025-08-08,Borrowed
1263,Nineteen Eighty-Four,Fiction,Amber,2025-06-17,2025-06-22,Returned
1264,The Power of Now,Spirituality,Stephanie,2025-07-19,2025-07-31,Returned
1265,Java Programming,Education,Jerry,2025-06-05,2025-08-09,Borrowed
1266,Wings of Fire,Biography,Jesse,2025-06-04,2025-08-10,Borrowed
1267,Science World,Education,Melissa,2025-06-25,2025-07-04,Returned
1268,Rich Dad Poor Dad,Finance,Brandon,2025-07-29,2025-08-11,Borrowed
1269,The Hobbit,Fiction,Courtney,2025-07-13,2025-08-02,Borrowed
1270,The Power of Now,Spirituality,Bradley,2025-07-29,2025-08-09,Borrowed
1271,Wings of Fire,Biography,Jonathan,2025-06-30,2025-07-06,Returned
1272,Science World,Education,Brandon,2025-07-05,2025-07-12,Overdue
1273,The Silent Patient,Thriller,Patrick,2025-06-16,2025-06-29,Returned
1274,Python Crash Course,Education,Manuel,2025-07-02,2025-07-09,Overdue
1275,The Hobbit,Fiction,Edward,2025-06-23,2025-07-05,Returned
1276,Atomic Habits,Self-help,Patrick,2025-07-27,2025-07-27,Overdue
1277,Science World,Education,Tyler,2025-07-27,2025-08-08,Borrowed
1278,The Alchemist,Fiction,Hector,2025-07-02,2025-08-02,Borrowed
1279,The Silent Patient,Thriller,Nathan,2025-06-11,2025-06-18,Overdue
1280,Algorithms Unlocked,Education,Michael,2025-06-06,2025-06-21,Returned
1281,Science World,Education,Joseph,2025-06-29,2025-07-11,Returned
1282,Sapiens,History,Michelle,2025-06-02,2025-06-12,Returned
1283,The Power of Now,Spirituality,Erin,2025-06-23,2025-07-04,Returned
1284,The Alchemist,Fiction,Thomas,2025-06-27,2025-07-04,Overdue
1285,The Hobbit,Fiction,Brandon,2025-06-20,2025-08-08,Borrowed
1286,Data Science 101,Education,Kayla,2025-06-10,2025-06-20,Returned
1287,Atomic Habits,Self-help,Carolyn,2025-06-29,2025-07-06,Overdue
1288,Science World,Education,Micheal,2025-07-24,2025-07-31,Overdue
1289,Science World,Education,Jacqueline,2025-07-06,2025-07-13,Overdue
1290,The Alchemist,Fiction,Shane,2025-06-05,2025-06-12,Overdue
1291,Wings of Fire,Biography,Megan,2025-07-08,2025-07-14,Returned
1292,Wings of Fire,Biography,John,2025-06-12,2025-06-17,Returned
1293,Python Crash Course,Education,Ronald,2025-06-02,2025-06-09,Overdue
1294,Diary of a Wimpy Kid,Comedy,Charles,2025-07-14,2025-07-26,Returned
1295,Percy Jackson,Fantasy,Megan,2025-06-12,2025-06-22,Returned
1296,Atomic Habits,Self-help,Gina,2025-07-19,2025-08-07,Borrowed
1297,The Power of Now,Spirituality,Shaun,2025-07-18,2025-07-25,Overdue
1298,Rich Dad Poor Dad,Finance,Maria,2025-07-13,2025-08-03,Borrowed
1299,The Hobbit,Fiction,Ashlee,2025-06-19,2025-07-04,Returned
1300,The Silent Patient,Thriller,April,2025-07-07,2025-07-15,Returned
1301,Python Crash Course,Education,Andrea,2025-07-18,2025-07-24,Returned
1302,Math Magic,Education,Stephen,2025-07-26,2025-08-07,Borrowed
1303,Harry Potter,Fiction,Evan,2025-07-06,2025-08-02,Borrowed
1304,The Silent Patient,Thriller,Sarah,2025-06-30,2025-08-04,Borrowed
1305,The Hobbit,Fiction,Glenn,2025-07-07,2025-07-20,Returned
1306,Animal Farm,Fiction,Sheryl,2025-07-28,2025-08-11,Borrowed
1307,Atomic Habits,Self-help,Tammy,2025-06-28,2025-07-12,Returned
1308,Rich Dad Poor Dad,Finance,Sandra,2025-07-19,2025-08-09,Borrowed
1309,Percy Jackson,Fantasy,Troy,2025-07-22,2025-08-03,Borrowed
1310,Wings of Fire,Biography,Amanda,2025-06-07,2025-06-16,Returned
1311,Animal Farm,Fiction,Nathan,2025-07-11,2025-07-17,Returned
1312,Sapiens,History,Yvonne,2025-07-15,2025-08-08,Borrowed
1313,Percy Jackson,Fantasy,Danny,2025-06-15,2025-06-22,Overdue
1314,Java Programming,Education,Timothy,2025-06-08,2025-06-15,Overdue
1315,Math Magic,Education,Felicia,2025-07-17,2025-08-07,Borrowed
1316,Algorithms Unlocked,Education,Brittany,2025-07-18,2025-07-25,Overdue
1317,The Silent Patient,Thriller,James,2025-06-14,2025-06-21,Overdue
1318,Atomic Habits,Self-help,James,2025-07-19,2025-08-02,Borrowed
1319,The Subtle Art of Not Giving a F*ck,Self-help,Sherry,2025-06-21,2025-06-28,Overdue
1320,The Silent Patient,Thriller,Alex,2025-07-22,2025-07-30,Returned
1321,Sapiens,History,Jessica,2025-06-17,2025-06-25,Returned
1322,The Subtle Art of Not Giving a F*ck,Self-help,Alexandra,2025-06-09,2025-06-18,Returned
1323,Science World,Education,Teresa,2025-06-17,2025-08-02,Borrowed
1324,The Silent Patient,Thriller,Susan,2025-06-12,2025-08-07,Borrowed
1325,Science World,Education,Melinda,2025-07-27,2025-07-29,Overdue
1326,Python Crash Course,Education,Steven,2025-07-01,2025-08-10,Borrowed
1327,Sapiens,History,Aaron,2025-07-07,2025-07-20,Returned
1328,Percy Jackson,Fantasy,Deborah,2025-06-20,2025-08-09,Borrowed
1329,The Silent Patient,Thriller,Michelle,2025-07-07,2025-07-14,Overdue
1330,Wings of Fire,Biography,Emma,2025-06-26,2025-08-05,Borrowed
1331,Atomic Habits,Self-help,Courtney,2025-06-08,2025-08-08,Borrowed
1332,Harry Potter,Fiction,Eric,2025-06-06,2025-06-15,Returned
1333,Wings of Fire,Biography,Kristine,2025-06-02,2025-06-12,Returned
1334,Percy Jackson,Fantasy,Kyle,2025-06-06,2025-08-07,Borrowed
1335,Math Magic,Education,Eric,2025-06-26,2025-08-02,Borrowed
1336,The Subtle Art of Not Giving a F*ck,Self-help,Madison,2025-06-02,2025-08-11,Borrowed
1337,The Hobbit,Fiction,Bryan,2025-06-03,2025-08-09,Borrowed
1338,The Silent Patient,Thriller,Erik,2025-07-17,2025-08-01,Returned
1339,Science World,Education,Mark,2025-06-04,2025-06-11,Overdue
1340,The Silent Patient,Thriller,Julie,2025-07-17,2025-08-05,Borrowed
1341,The Power of Now,Spirituality,Andrew,2025-06-04,2025-08-07,Borrowed
1342,The Power of Now,Spirituality,Charlene,2025-06-26,2025-07-07,Returned
1343,Science World,Education,Luis,2025-06-25,2025-07-06,Returned
1344,Rich Dad Poor Dad,Finance,Amy,2025-07-20,2025-08-01,Returned
1345,Percy Jackson,Fantasy,Michael,2025-06-12,2025-06-17,Returned
1346,Java Programming,Education,William,2025-06-17,2025-06-29,Returned
1347,The Hobbit,Fiction,Michael,2025-07-16,2025-08-07,Borrowed
1348,The Power of Now,Spirituality,Joseph,2025-06-28,2025-08-08,Borrowed
1349,Percy Jackson,Fantasy,Evan,2025-06-30,2025-07-07,Overdue
1350,Wings of Fire,Biography,Nathan,2025-06-29,2025-07-05,Returned
1351,The Subtle Art of Not Giving a F*ck,Self-help,Paul,2025-07-07,2025-08-07,Borrowed
1352,The Hobbit,Fiction,Stephanie,2025-07-18,2025-07-25,Returned
1353,Java Programming,Education,Jacqueline,2025-07-22,2025-07-29,Overdue
1354,The Power of Now,Spirituality,Shirley,2025-07-14,2025-07-22,Returned
1355,The Hobbit,Fiction,Danielle,2025-06-21,2025-07-01,Returned
1356,The Subtle Art of Not Giving a F*ck,Self-help,Kelsey,2025-06-15,2025-08-04,Borrowed
1357,Science World,Education,Hannah,2025-06-30,2025-08-04,Borrowed
1358,Math Magic,Education,Daniel,2025-07-13,2025-07-20,Overdue
1359,Science World,Education,Andrew,2025-06-11,2025-08-05,Borrowed
1360,Algorithms Unlocked,Education,Dylan,2025-06-20,2025-08-06,Borrowed
1361,Data Science 101,Education,Frederick,2025-06-10,2025-06-17,Returned
1362,Nineteen Eighty-Four,Fiction,Adrienne,2025-06-21,2025-06-27,Returned
1363,Rich Dad Poor Dad,Finance,Paul,2025-06-07,2025-06-19,Returned
1364,Nineteen Eighty-Four,Fiction,Larry,2025-07-22,2025-08-10,Borrowed
1365,The Hobbit,Fiction,Kelsey,2025-07-07,2025-08-10,Borrowed
1366,The Silent Patient,Thriller,Cheryl,2025-07-17,2025-07-29,Returned
1367,Harry Potter,Fiction,Timothy,2025-06-10,2025-06-17,Overdue
1368,Atomic Habits,Self-help,Angela,2025-07-31,2025-08-01,Returned
1369,Rich Dad Poor Dad,Finance,Renee,2025-06-22,2025-08-03,Borrowed
1370,The Alchemist,Fiction,Andre,2025-06-13,2025-08-04,Borrowed
1371,Percy Jackson,Fantasy,Meghan,2025-06-11,2025-06-25,Returned
1372,The Power of Now,Spirituality,David,2025-07-11,2025-08-11,Borrowed
1373,Nineteen Eighty-Four,Fiction,Victoria,2025-07-23,2025-08-01,Returned
1374,The Subtle Art of Not Giving a F*ck,Self-help,Troy,2025-06-09,2025-08-03,Borrowed
1375,The Power of Now,Spirituality,Richard,2025-06-21,2025-06-29,Returned
1376,The Hobbit,Fiction,Jessica,2025-07-14,2025-08-09,Borrowed
1377,Atomic Habits,Self-help,Michael,2025-06-19,2025-06-30,Returned
1378,The Alchemist,Fiction,Jason,2025-06-06,2025-08-06,Borrowed
1379,Sapiens,History,Mary,2025-06-26,2025-07-03,Returned
1380,Rich Dad Poor Dad,Finance,Jennifer,2025-06-09,2025-08-03,Borrowed
1381,Diary of a Wimpy Kid,Comedy,Elizabeth,2025-06-27,2025-08-07,Borrowed
1382,Science World,Education,Sean,2025-07-08,2025-08-10,Borrowed
1383,The Power of Now,Spirituality,Frederick,2025-07-31,2025-08-01,Returned
1384,Python Crash Course,Education,Susan,2025-07-11,2025-07-18,Overdue
1385,Python Crash Course,Education,Melissa,2025-07-05,2025-07-12,Overdue
1386,The Subtle Art of Not Giving a F*ck,Self-help,Matthew,2025-07-10,2025-08-11,Borrowed
1387,Nineteen Eighty-Four,Fiction,Katie,2025-07-27,2025-08-09,Borrowed
1388,The Hobbit,Fiction,Vanessa,2025-06-05,2025-08-10,Borrowed
1389,Sapiens,History,Timothy,2025-07-26,2025-08-01,Returned
1390,Algorithms Unlocked,Education,Isaac,2025-06-12,2025-06-19,Overdue
1391,The Power of Now,Spirituality,Lindsey,2025-06-28,2025-07-12,Returned
1392,The Power of Now,Spirituality,Kathy,2025-06-11,2025-06-16,Returned
1393,Percy Jackson,Fantasy,Samuel,2025-06-20,2025-08-06,Borrowed
1394,The Alchemist,Fiction,Stephen,2025-07-11,2025-08-04,Borrowed
1395,Algorithms Unlocked,Education,Michael,2025-07-23,2025-08-01,Returned
1396,Science World,Education,Brian,2025-06-18,2025-06-25,Overdue
1397,Diary of a Wimpy Kid,Comedy,Anthony,2025-06-07,2025-08-08,Borrowed
1398,Wings of Fire,Biography,Brian,2025-07-07,2025-08-06,Borrowed
1399,The Alchemist,Fiction,Douglas,2025-06-30,2025-07-14,Returned
1400,Data Science 101,Education,Jacob,2025-07-05,2025-08-11,Borrowed
1401,Data Science 101,Education,Alyssa,2025-07-27,2025-08-11,Borrowed
1402,Python Crash Course,Education,Jeffrey,2025-06-29,2025-07-11,Returned
1403,Python Crash Course,Education,Elizabeth,2025-07-22,2025-08-10,Borrowed
1404,Math Magic,Education,Scott,2025-06-02,2025-06-12,Returned
1405,The Silent Patient,Thriller,Donna,2025-07-06,2025-07-21,Returned
1406,Rich Dad Poor Dad,Finance,Joshua,2025-07-12,2025-07-25,Returned
1407,Data Science 101,Education,Holly,2025-07-27,2025-08-11,Borrowed
1408,Data Science 101,Education,Ian,2025-07-14,2025-08-05,Borrowed
1409,Science World,Education,Jose,2025-07-04,2025-08-03,Borrowed
1410,Harry Potter,Fiction,Jennifer,2025-07-03,2025-07-15,Returned
1411,Animal Farm,Fiction,Virginia,2025-07-06,2025-08-05,Borrowed
1412,Nineteen Eighty-Four,Fiction,Rachel,2025-06-16,2025-06-23,Overdue
1413,Sapiens,History,Benjamin,2025-07-08,2025-08-02,Borrowed
1414,Python Crash Course,Education,Cynthia,2025-07-09,2025-07-14,Returned
1415,Diary of a Wimpy Kid,Comedy,Paul,2025-06-03,2025-06-13,Returned
1416,Algorithms Unlocked,Education,David,2025-07-24,2025-08-01,Returned
1417,Python Crash Course,Education,Tyler,2025-07-25,2025-08-03,Borrowed
1418,The Alchemist,Fiction,Brooke,2025-07-20,2025-07-27,Overdue
1419,The Subtle Art of Not Giving a F*ck,Self-help,Caleb,2025-06-05,2025-06-12,Overdue
1420,Sapiens,History,Robert,2025-07-18,2025-07-24,Returned
1421,Math Magic,Education,Kim,2025-07-08,2025-07-16,Returned
1422,Atomic Habits,Self-help,Jeremy,2025-06-12,2025-08-06,Borrowed
1423,The Alchemist,Fiction,Linda,2025-06-27,2025-08-04,Borrowed
1424,Diary of a Wimpy Kid,Comedy,Allison,2025-06-09,2025-06-22,Returned
1425,Nineteen Eighty-Four,Fiction,Cory,2025-06-23,2025-08-07,Borrowed
1426,Sapiens,History,John,2025-07-30,2025-07-30,Overdue
1427,Math Magic,Education,Curtis,2025-07-02,2025-08-04,Borrowed
1428,The Subtle Art of Not Giving a F*ck,Self-help,Lawrence,2025-06-27,2025-07-04,Returned
1429,Diary of a Wimpy Kid,Comedy,Jennifer,2025-06-05,2025-06-12,Overdue
1430,Rich Dad Poor Dad,Finance,Julie,2025-06-20,2025-07-02,Returned
1431,Algorithms Unlocked,Education,Wayne,2025-07-11,2025-07-23,Returned
1432,Algorithms Unlocked,Education,Lisa,2025-07-19,2025-08-01,Returned
1433,The Subtle Art of Not Giving a F*ck,Self-help,Brandy,2025-07-27,2025-07-29,Overdue
1434,Science World,Education,Jennifer,2025-07-10,2025-08-09,Borrowed
1435,The Silent Patient,Thriller,Jeffrey,2025-07-18,2025-07-27,Returned
1436,Sapiens,History,Nathaniel,2025-07-01,2025-08-09,Borrowed
1437,Wings of Fire,Biography,Derek,2025-06-09,2025-08-06,Borrowed
1438,Diary of a Wimpy Kid,Comedy,Vanessa,2025-06-14,2025-06-21,Overdue
1439,Diary of a Wimpy Kid,Comedy,Carolyn,2025-06-07,2025-06-21,Returned
1440,Atomic Habits,Self-help,Christine,2025-07-23,2025-08-01,Returned
1441,Data Science 101,Education,Melissa,2025-07-14,2025-07-21,Overdue
1442,Algorithms Unlocked,Education,Matthew,2025-07-05,2025-08-11,Borrowed
1443,Rich Dad Poor Dad,Finance,Charles,2025-06-30,2025-08-02,Borrowed
1444,Wings of Fire,Biography,Grace,2025-06-30,2025-07-07,Overdue
1445,The Alchemist,Fiction,Jason,2025-06-30,2025-07-06,Returned
1446,Animal Farm,Fiction,Deanna,2025-06-22,2025-08-09,Borrowed
1447,Wings of Fire,Biography,Morgan,2025-06-05,2025-06-18,Returned
1448,Animal Farm,Fiction,Maureen,2025-07-26,2025-08-06,Borrowed
1449,Atomic Habits,Self-help,Julie,2025-07-07,2025-07-18,Returned
1450,The Subtle Art of Not Giving a F*ck,Self-help,Shannon,2025-06-13,2025-06-18,Returned
1451,The Alchemist,Fiction,Jessica,2025-07-11,2025-08-10,Borrowed
1452,Atomic Habits,Self-help,Jennifer,2025-07-04,2025-08-11,Borrowed
1453,Science World,Education,Cindy,2025-06-21,2025-08-04,Borrowed
1454,Sapiens,History,Summer,2025-07-07,2025-07-14,Overdue
1455,Atomic Habits,Self-help,Tami,2025-07-28,2025-08-01,Returned
1456,Diary of a Wimpy Kid,Comedy,Andrew,2025-06-18,2025-06-27,Returned
1457,The Alchemist,Fiction,Scott,2025-07-09,2025-07-16,Returned
1458,Nineteen Eighty-Four,Fiction,Regina,2025-06-28,2025-07-04,Returned
1459,Python Crash Course,Education,Alexis,2025-07-08,2025-08-07,Borrowed
1460,The Silent Patient,Thriller,James,2025-06-21,2025-06-28,Overdue
1461,The Alchemist,Fiction,Nicholas,2025-06-16,2025-08-04,Borrowed
1462,Science World,Education,Sarah,2025-07-06,2025-08-03,Borrowed
1463,Nineteen Eighty-Four,Fiction,Dennis,2025-07-29,2025-07-27,Overdue
1464,Data Science 101,Education,Deborah,2025-06-17,2025-08-11,Borrowed
1465,Science World,Education,Katherine,2025-07-18,2025-08-04,Borrowed
1466,Animal Farm,Fiction,Timothy,2025-07-23,2025-07-30,Overdue
1467,Animal Farm,Fiction,Rebecca,2025-06-20,2025-08-07,Borrowed
1468,The Hobbit,Fiction,David,2025-07-08,2025-07-20,Returned
1469,Wings of Fire,Biography,Ronald,2025-06-14,2025-06-22,Returned
1470,The Silent Patient,Thriller,Danny,2025-06-14,2025-06-21,Overdue
1471,Java Programming,Education,Andre,2025-06-07,2025-06-17,Returned
1472,Algorithms Unlocked,Education,Ethan,2025-07-05,2025-07-17,Returned
1473,The Silent Patient,Thriller,Lawrence,2025-07-25,2025-08-01,Returned
1474,Python Crash Course,Education,Timothy,2025-06-07,2025-06-14,Overdue
1475,The Subtle Art of Not Giving a F*ck,Self-help,Craig,2025-07-17,2025-07-24,Overdue
1476,Data Science 101,Education,Kenneth,2025-06-10,2025-06-25,Returned
1477,Sapiens,History,James,2025-06-13,2025-06-20,Overdue
1478,Nineteen Eighty-Four,Fiction,Frances,2025-06-25,2025-08-04,Borrowed
1479,Percy Jackson,Fantasy,Timothy,2025-06-30,2025-07-07,Overdue
1480,Science World,Education,Stephanie,2025-07-09,2025-08-05,Borrowed
1481,Wings of Fire,Biography,Jeffrey,2025-06-17,2025-06-24,Overdue
1482,Python Crash Course,Education,Bethany,2025-07-03,2025-08-07,Borrowed
1483,The Hobbit,Fiction,Richard,2025-06-24,2025-07-01,Overdue
1484,Sapiens,History,Pamela,2025-07-27,2025-08-04,Borrowed
1485,The Alchemist,Fiction,Valerie,2025-07-06,2025-08-06,Borrowed
1486,Rich Dad Poor Dad,Finance,Michelle,2025-06-16,2025-06-23,Returned
1487,Rich Dad Poor Dad,Finance,Cathy,2025-06-24,2025-07-06,Returned
1488,Diary of a Wimpy Kid,Comedy,Joseph,2025-06-14,2025-08-04,Borrowed
1489,The Power of Now,Spirituality,John,2025-07-19,2025-08-01,Returned
1490,Math Magic,Education,Ann,2025-07-15,2025-08-03,Borrowed
1491,Data Science 101,Education,Anita,2025-06-11,2025-06-19,Returned
1492,The Subtle Art of Not Giving a F*ck,Self-help,Charles,2025-07-26,2025-08-09,Borrowed
1493,The Subtle Art of Not Giving a F*ck,Self-help,Omar,2025-06-30,2025-08-10,Borrowed
1494,Algorithms Unlocked,Education,Jeffrey,2025-06-29,2025-07-07,Returned
1495,The Silent Patient,Thriller,Nicole,2025-06-02,2025-08-07,Borrowed
1496,The Hobbit,Fiction,Sabrina,2025-07-02,2025-07-16,Returned
1497,Diary of a Wimpy Kid,Comedy,Casey,2025-07-24,2025-07-31,Overdue
1498,Diary of a Wimpy Kid,Comedy,Bruce,2025-07-02,2025-07-15,Returned
1499,Nineteen Eighty-Four,Fiction,Michelle,2025-07-02,2025-08-09,Borrowed
1500,Data Science 101,Education,Mark,2025-06-05,2025-08-07,Borrowed
1501,Percy Jackson,Fantasy,Melinda,2025-06-04,2025-08-03,Borrowed
1502,Sapiens,History,David,2025-06-06,2025-06-14,Returned
1503,Math Magic,Education,Lauren,2025-06-20,2025-07-04,Returned
1504,The Alchemist,Fiction,William,2025-06-06,2025-08-10,Borrowed
1505,The Alchemist,Fiction,Charles,2025-06-19,2025-08-09,Borrowed
1506,Rich Dad Poor Dad,Finance,Dustin,2025-06-11,2025-08-04,Borrowed
1507,Diary of a Wimpy Kid,Comedy,Steven,2025-06-25,2025-08-05,Borrowed
1508,Data Science 101,Education,Leslie,2025-06-25,2025-07-02,Overdue
1509,The Alchemist,Fiction,Michael,2025-07-18,2025-07-27,Returned
1510,The Power of Now,Spirituality,Jessica,2025-07-01,2025-08-05,Borrowed
1511,The Silent Patient,Thriller,Marilyn,2025-06-04,2025-06-11,Overdue
1512,Data Science 101,Education,Matthew,2025-06-28,2025-08-03,Borrowed
1513,Sapiens,History,Connor,2025-07-02,2025-07-09,Overdue
1514,Wings of Fire,Biography,Heather,2025-07-20,2025-08-04,Borrowed
1515,Rich Dad Poor Dad,Finance,Gina,2025-06-25,2025-08-10,Borrowed
1516,Percy Jackson,Fantasy,Charles,2025-06-14,2025-06-20,Returned
1517,Diary of a Wimpy Kid,Comedy,Ashley,2025-07-07,2025-07-18,Returned
1518,Animal Farm,Fiction,Isaac,2025-07-13,2025-08-03,Borrowed
1519,Diary of a Wimpy Kid,Comedy,Brianna,2025-07-05,2025-07-15,Returned
1520,The Silent Patient,Thriller,Brian,2025-07-23,2025-08-01,Returned
1521,Python Crash Course,Education,Timothy,2025-07-12,2025-07-19,Returned
1522,Sapiens,History,Caitlin,2025-06-29,2025-08-07,Borrowed
1523,The Subtle Art of Not Giving a F*ck,Self-help,James,2025-06-23,2025-08-02,Borrowed
1524,Diary of a Wimpy Kid,Comedy,Mark,2025-06-15,2025-06-30,Returned
1525,Sapiens,History,Walter,2025-06-07,2025-06-14,Overdue
1526,Animal Farm,Fiction,Rachel,2025-07-17,2025-08-11,Borrowed
1527,Wings of Fire,Biography,Carly,2025-06-16,2025-08-05,Borrowed
1528,Sapiens,History,Courtney,2025-06-03,2025-08-11,Borrowed
1529,Data Science 101,Education,Calvin,2025-07-26,2025-08-09,Borrowed
1530,Sapiens,History,Alexander,2025-07-17,2025-07-27,Returned
1531,Diary of a Wimpy Kid,Comedy,Katie,2025-06-20,2025-08-07,Borrowed
1532,Atomic Habits,Self-help,Carol,2025-07-31,2025-08-01,Returned
1533,The Hobbit,Fiction,Justin,2025-06-23,2025-08-04,Borrowed
1534,Rich Dad Poor Dad,Finance,Anita,2025-07-29,2025-08-11,Borrowed
1535,Math Magic,Education,Christopher,2025-07-10,2025-07-19,Returned
1536,Wings of Fire,Biography,Steven,2025-06-15,2025-06-22,Overdue
1537,The Silent Patient,Thriller,Tina,2025-07-19,2025-08-04,Borrowed
1538,Diary of a Wimpy Kid,Comedy,Mark,2025-07-18,2025-08-09,Borrowed
1539,Diary of a Wimpy Kid,Comedy,Adam,2025-07-23,2025-07-30,Overdue
1540,The Alchemist,Fiction,Danny,2025-06-03,2025-08-03,Borrowed
1541,The Power of Now,Spirituality,Mark,2025-07-01,2025-08-06,Borrowed
1542,Animal Farm,Fiction,Linda,2025-07-27,2025-08-11,Borrowed
1543,Nineteen Eighty-Four,Fiction,Patrick,2025-06-10,2025-08-05,Borrowed
1544,Science World,Education,Michael,2025-07-26,2025-08-01,Returned
1545,Harry Potter,Fiction,Kristina,2025-06-15,2025-06-25,Returned
1546,Sapiens,History,Carmen,2025-07-20,2025-07-27,Overdue
1547,The Power of Now,Spirituality,Vanessa,2025-06-08,2025-06-15,Returned
1548,Diary of a Wimpy Kid,Comedy,Melanie,2025-06-19,2025-08-09,Borrowed
1549,Nineteen Eighty-Four,Fiction,Julie,2025-06-29,2025-07-10,Returned
1550,Algorithms Unlocked,Education,Amber,2025-06-03,2025-08-07,Borrowed
1551,Diary of a Wimpy Kid,Comedy,Derrick,2025-06-22,2025-07-04,Returned
1552,Nineteen Eighty-Four,Fiction,Crystal,2025-07-10,2025-08-10,Borrowed
1553,Algorithms Unlocked,Education,Thomas,2025-06-18,2025-06-25,Returned
1554,Science World,Education,Sarah,2025-07-23,2025-08-01,Returned
1555,Data Science 101,Education,Hannah,2025-06-24,2025-06-30,Returned
1556,The Silent Patient,Thriller,Nicholas,2025-06-20,2025-08-05,Borrowed
1557,Sapiens,History,Ryan,2025-07-22,2025-07-29,Overdue
1558,Diary of a Wimpy Kid,Comedy,April,2025-07-09,2025-08-10,Borrowed
1559,Percy Jackson,Fantasy,Mason,2025-06-16,2025-06-23,Returned
1560,The Subtle Art of Not Giving a F*ck,Self-help,Melissa,2025-06-05,2025-08-04,Borrowed
1561,Algorithms Unlocked,Education,Adam,2025-07-27,2025-08-11,Borrowed
1562,The Subtle Art of Not Giving a F*ck,Self-help,Carrie,2025-07-18,2025-07-25,Overdue
1563,Algorithms Unlocked,Education,Gregory,2025-06-19,2025-06-26,Overdue
1564,Harry Potter,Fiction,John,2025-06-26,2025-08-11,Borrowed
1565,Percy Jackson,Fantasy,Brandon,2025-07-26,2025-08-11,Borrowed
1566,Python Crash Course,Education,Robert,2025-07-16,2025-07-30,Returned
1567,Rich Dad Poor Dad,Finance,Shelby,2025-07-18,2025-08-01,Returned
1568,The Silent Patient,Thriller,Veronica,2025-07-23,2025-08-08,Borrowed
1569,The Silent Patient,Thriller,Timothy,2025-07-17,2025-08-02,Borrowed
1570,Animal Farm,Fiction,Cynthia,2025-07-29,2025-08-01,Returned
1571,Wings of Fire,Biography,Kristina,2025-06-15,2025-08-04,Borrowed
1572,The Alchemist,Fiction,Ellen,2025-07-12,2025-07-22,Returned
1573,Sapiens,History,Linda,2025-07-31,2025-08-11,Borrowed
1574,Nineteen Eighty-Four,Fiction,Daisy,2025-06-14,2025-08-05,Borrowed
1575,Wings of Fire,Biography,Brittney,2025-06-04,2025-08-05,Borrowed
1576,Science World,Education,Emily,2025-06-16,2025-08-08,Borrowed
1577,The Subtle Art of Not Giving a F*ck,Self-help,Damon,2025-06-11,2025-08-04,Borrowed
1578,The Alchemist,Fiction,Candice,2025-06-16,2025-06-30,Returned
1579,Java Programming,Education,William,2025-07-13,2025-07-20,Returned
1580,Nineteen Eighty-Four,Fiction,Eric,2025-07-01,2025-07-13,Returned
1581,The Silent Patient,Thriller,Jessica,2025-07-01,2025-08-08,Borrowed
1582,Nineteen Eighty-Four,Fiction,Barbara,2025-06-28,2025-07-05,Overdue
1583,Java Programming,Education,Roberto,2025-07-18,2025-08-02,Borrowed
1584,The Silent Patient,Thriller,Samantha,2025-07-11,2025-07-23,Returned
1585,Rich Dad Poor Dad,Finance,Jessica,2025-07-31,2025-08-01,Returned
1586,Math Magic,Education,Lisa,2025-06-24,2025-08-06,Borrowed
1587,Sapiens,History,Brian,2025-06-12,2025-08-08,Borrowed
1588,Data Science 101,Education,Jacqueline,2025-06-17,2025-07-01,Returned
1589,Sapiens,History,Samuel,2025-06-18,2025-08-08,Borrowed
1590,Nineteen Eighty-Four,Fiction,Stephanie,2025-06-14,2025-06-26,Returned
1591,Percy Jackson,Fantasy,Joseph,2025-07-14,2025-07-28,Returned
1592,Math Magic,Education,David,2025-06-14,2025-06-21,Overdue
1593,Atomic Habits,Self-help,Spencer,2025-07-31,2025-08-01,Returned
1594,The Alchemist,Fiction,Danielle,2025-07-31,2025-07-30,Overdue
1595,Java Programming,Education,Jeffrey,2025-06-20,2025-07-04,Returned
1596,Nineteen Eighty-Four,Fiction,Ryan,2025-06-15,2025-08-04,Borrowed
1597,The Alchemist,Fiction,Tony,2025-07-23,2025-08-01,Returned
1598,Science World,Education,Nancy,2025-07-20,2025-07-27,Overdue
1599,Science World,Education,Margaret,2025-07-04,2025-07-11,Overdue
1600,The Alchemist,Fiction,Antonio,2025-06-25,2025-08-11,Borrowed
1601,The Silent Patient,Thriller,Crystal,2025-07-26,2025-08-10,Borrowed
1602,The Power of Now,Spirituality,Robert,2025-07-25,2025-08-01,Returned
1603,The Silent Patient,Thriller,Michael,2025-06-20,2025-06-27,Overdue
1604,Sapiens,History,Autumn,2025-06-24,2025-07-04,Returned
1605,Python Crash Course,Education,Mary,2025-06-13,2025-08-02,Borrowed
1606,The Subtle Art of Not Giving a F*ck,Self-help,Gary,2025-07-04,2025-08-11,Borrowed
1607,Algorithms Unlocked,Education,Amy,2025-06-12,2025-06-20,Returned
1608,Algorithms Unlocked,Education,Crystal,2025-06-03,2025-08-11,Borrowed
1609,Atomic Habits,Self-help,Tom,2025-07-26,2025-07-30,Overdue
1610,Data Science 101,Education,Kimberly,2025-06-23,2025-06-30,Overdue
1611,Math Magic,Education,Benjamin,2025-06-06,2025-08-07,Borrowed
1612,Python Crash Course,Education,Elizabeth,2025-07-08,2025-07-15,Returned
1613,Java Programming,Education,Brendan,2025-06-17,2025-06-28,Returned
1614,The Subtle Art of Not Giving a F*ck,Self-help,Mark,2025-07-14,2025-07-21,Overdue
1615,Data Science 101,Education,Thomas,2025-07-03,2025-07-10,Returned
1616,The Power of Now,Spirituality,Cynthia,2025-07-09,2025-07-16,Overdue
1617,Rich Dad Poor Dad,Finance,Dennis,2025-06-03,2025-08-04,Borrowed
1618,Wings of Fire,Biography,Katelyn,2025-06-27,2025-08-07,Borrowed
1619,Percy Jackson,Fantasy,Alexis,2025-06-17,2025-07-01,Returned
1620,The Hobbit,Fiction,Theresa,2025-06-18,2025-06-27,Returned
1621,The Hobbit,Fiction,Vanessa,2025-06-09,2025-06-18,Returned
1622,Java Programming,Education,Samuel,2025-07-29,2025-08-10,Borrowed
1623,The Power of Now,Spirituality,Bailey,2025-06-23,2025-08-11,Borrowed
1624,The Power of Now,Spirituality,Robert,2025-06-29,2025-07-06,Overdue
1625,Atomic Habits,Self-help,Nicole,2025-06-30,2025-07-07,Overdue
1626,Science World,Education,John,2025-06-05,2025-08-03,Borrowed
1627,Sapiens,History,Heather,2025-06-09,2025-06-21,Returned
1628,Rich Dad Poor Dad,Finance,Robert,2025-06-05,2025-08-10,Borrowed
1629,Percy Jackson,Fantasy,Nicole,2025-07-10,2025-07-23,Returned
1630,Science World,Education,Brittany,2025-07-30,2025-08-01,Returned
1631,Algorithms Unlocked,Education,Sheri,2025-06-28,2025-08-10,Borrowed
1632,The Hobbit,Fiction,Jimmy,2025-06-22,2025-08-03,Borrowed
1633,Python Crash Course,Education,James,2025-07-24,2025-08-01,Returned
1634,Math Magic,Education,Kathleen,2025-06-22,2025-07-07,Returned
1635,Harry Potter,Fiction,Joseph,2025-07-04,2025-07-11,Overdue
1636,Animal Farm,Fiction,Jessica,2025-07-10,2025-07-21,Returned
1637,Rich Dad Poor Dad,Finance,Claudia,2025-07-08,2025-07-20,Returned
1638,The Silent Patient,Thriller,Douglas,2025-07-31,2025-08-10,Borrowed
1639,Diary of a Wimpy Kid,Comedy,Veronica,2025-06-13,2025-06-28,Returned
1640,The Power of Now,Spirituality,Mallory,2025-07-31,2025-07-30,Overdue
1641,Python Crash Course,Education,Rebecca,2025-07-05,2025-07-12,Overdue
1642,Data Science 101,Education,Kathryn,2025-06-07,2025-06-18,Returned
1643,Animal Farm,Fiction,Darlene,2025-07-25,2025-07-31,Overdue
1644,The Silent Patient,Thriller,Tara,2025-07-31,2025-08-01,Returned
1645,The Alchemist,Fiction,Benjamin,2025-07-19,2025-07-28,Returned
1646,The Power of Now,Spirituality,Lisa,2025-06-29,2025-07-12,Returned
1647,Science World,Education,Katherine,2025-06-12,2025-06-25,Returned
1648,Java Programming,Education,Heather,2025-07-17,2025-08-09,Borrowed
1649,Percy Jackson,Fantasy,Ashlee,2025-07-22,2025-08-07,Borrowed
1650,The Silent Patient,Thriller,Michael,2025-07-30,2025-08-01,Returned
1651,Java Programming,Education,David,2025-07-11,2025-07-18,Returned
1652,Atomic Habits,Self-help,Victor,2025-07-07,2025-07-18,Returned
1653,Diary of a Wimpy Kid,Comedy,Andrew,2025-06-18,2025-06-29,Returned
1654,Animal Farm,Fiction,Cynthia,2025-06-04,2025-06-11,Returned
1655,The Hobbit,Fiction,Rachel,2025-07-10,2025-08-05,Borrowed
1656,Wings of Fire,Biography,Alexandria,2025-06-27,2025-07-04,Overdue
1657,The Silent Patient,Thriller,Laura,2025-06-22,2025-07-06,Returned
1658,Harry Potter,Fiction,Tony,2025-06-24,2025-07-03,Returned
1659,The Hobbit,Fiction,Christopher,2025-07-17,2025-07-22,Returned
1660,Wings of Fire,Biography,Jessica,2025-06-26,2025-08-10,Borrowed
1661,The Silent Patient,Thriller,Mike,2025-07-17,2025-07-23,Returned
1662,The Silent Patient,Thriller,Gregory,2025-06-09,2025-06-19,Returned
1663,The Hobbit,Fiction,Caleb,2025-06-17,2025-06-24,Returned
1664,Wings of Fire,Biography,Sarah,2025-06-29,2025-08-10,Borrowed
1665,Rich Dad Poor Dad,Finance,Regina,2025-06-07,2025-06-14,Overdue
1666,Java Programming,Education,Bethany,2025-06-15,2025-06-23,Returned
1667,The Subtle Art of Not Giving a F*ck,Self-help,Linda,2025-06-11,2025-06-17,Returned
1668,Nineteen Eighty-Four,Fiction,Robert,2025-06-28,2025-08-11,Borrowed
1669,Math Magic,Education,Melanie,2025-07-12,2025-07-19,Overdue
1670,Nineteen Eighty-Four,Fiction,Brenda,2025-07-20,2025-07-28,Returned
1671,Science World,Education,Brendan,2025-06-28,2025-08-10,Borrowed
1672,Wings of Fire,Biography,Robert,2025-06-19,2025-06-25,Returned
1673,Algorithms Unlocked,Education,Evan,2025-06-03,2025-08-10,Borrowed
1674,Wings of Fire,Biography,Heather,2025-06-03,2025-06-08,Returned
1675,Nineteen Eighty-Four,Fiction,Jessica,2025-07-28,2025-08-01,Returned
1676,Data Science 101,Education,William,2025-06-05,2025-06-18,Returned
1677,The Silent Patient,Thriller,Brian,2025-07-17,2025-08-02,Borrowed
1678,Java Programming,Education,Karen,2025-07-29,2025-08-12,Borrowed
1679,Sapiens,History,Valerie,2025-06-03,2025-06-09,Returned
1680,Data Science 101,Education,Wendy,2025-06-25,2025-07-02,Overdue
1681,Rich Dad Poor Dad,Finance,Karina,2025-07-15,2025-08-04,Borrowed
1682,Science World,Education,Ricky,2025-06-17,2025-06-24,Overdue
1683,Python Crash Course,Education,Aaron,2025-06-03,2025-06-10,Overdue
1684,Atomic Habits,Self-help,William,2025-07-25,2025-07-28,Overdue
1685,Atomic Habits,Self-help,Courtney,2025-07-31,2025-08-01,Returned
1686,The Power of Now,Spirituality,Susan,2025-06-03,2025-06-10,Returned
1687,Sapiens,History,Tiffany,2025-06-07,2025-08-10,Borrowed
1688,Atomic Habits,Self-help,Dawn,2025-06-22,2025-08-05,Borrowed
1689,Harry Potter,Fiction,Jerry,2025-07-14,2025-07-21,Overdue
1690,Wings of Fire,Biography,Shannon,2025-06-09,2025-06-24,Returned
1691,Python Crash Course,Education,James,2025-07-15,2025-08-05,Borrowed
1692,The Hobbit,Fiction,April,2025-06-26,2025-08-06,Borrowed
1693,Java Programming,Education,Lisa,2025-06-29,2025-08-08,Borrowed
1694,The Subtle Art of Not Giving a F*ck,Self-help,Christina,2025-06-26,2025-08-03,Borrowed
1695,Math Magic,Education,Christopher,2025-06-09,2025-08-11,Borrowed
1696,Data Science 101,Education,Willie,2025-07-02,2025-07-10,Returned
1697,Atomic Habits,Self-help,Dawn,2025-07-18,2025-08-05,Borrowed
1698,Data Science 101,Education,Kevin,2025-07-14,2025-07-21,Returned
1699,The Silent Patient,Thriller,Tina,2025-07-09,2025-07-16,Overdue
1700,Algorithms Unlocked,Education,Amber,2025-06-24,2025-07-04,Returned
1701,The Alchemist,Fiction,Madison,2025-07-31,2025-08-08,Borrowed
1702,Nineteen Eighty-Four,Fiction,Joseph,2025-07-15,2025-07-23,Returned
1703,Percy Jackson,Fantasy,Jacob,2025-06-09,2025-06-14,Returned
1704,Algorithms Unlocked,Education,Kathy,2025-07-01,2025-07-08,Returned
1705,Python Crash Course,Education,Cassandra,2025-07-17,2025-07-30,Returned
1706,Sapiens,History,Carla,2025-07-30,2025-08-01,Returned
1707,Nineteen Eighty-Four,Fiction,Calvin,2025-07-19,2025-07-29,Returned
1708,Python Crash Course,Education,Sean,2025-06-22,2025-08-04,Borrowed
1709,The Power of Now,Spirituality,Tracy,2025-07-07,2025-08-05,Borrowed
1710,The Silent Patient,Thriller,Alexander,2025-07-12,2025-07-19,Overdue
1711,Data Science 101,Education,Lisa,2025-07-04,2025-07-17,Returned
1712,Python Crash Course,Education,Melissa,2025-07-20,2025-08-01,Returned
1713,Atomic Habits,Self-help,John,2025-07-28,2025-08-07,Borrowed
1714,Diary of a Wimpy Kid,Comedy,Ricardo,2025-06-04,2025-06-11,Overdue
1715,Diary of a Wimpy Kid,Comedy,Hector,2025-06-12,2025-06-25,Returned
1716,Java Programming,Education,Daniel,2025-07-26,2025-08-11,Borrowed
1717,The Subtle Art of Not Giving a F*ck,Self-help,Ashley,2025-07-30,2025-07-30,Overdue
1718,Algorithms Unlocked,Education,Alexis,2025-06-28,2025-07-13,Returned
1719,Rich Dad Poor Dad,Finance,Christian,2025-06-16,2025-06-23,Overdue
1720,The Alchemist,Fiction,Steven,2025-07-10,2025-07-17,Overdue
1721,Harry Potter,Fiction,Joshua,2025-07-26,2025-07-31,Overdue
1722,Rich Dad Poor Dad,Finance,Kimberly,2025-07-01,2025-07-09,Returned
1723,Java Programming,Education,Bradley,2025-06-27,2025-07-04,Overdue
1724,The Power of Now,Spirituality,Mario,2025-07-27,2025-08-01,Returned
1725,Atomic Habits,Self-help,Mark,2025-07-12,2025-07-24,Returned
1726,Sapiens,History,Kathryn,2025-06-12,2025-08-10,Borrowed
1727,Rich Dad Poor Dad,Finance,Tony,2025-06-26,2025-08-09,Borrowed
1728,The Alchemist,Fiction,Tommy,2025-07-07,2025-08-08,Borrowed
1729,Data Science 101,Education,Bryan,2025-07-04,2025-07-11,Overdue
1730,Science World,Education,Brian,2025-06-08,2025-08-11,Borrowed
1731,Algorithms Unlocked,Education,Robert,2025-06-06,2025-08-05,Borrowed
1732,The Alchemist,Fiction,Thomas,2025-07-14,2025-08-05,Borrowed
1733,Rich Dad Poor Dad,Finance,Stephen,2025-06-21,2025-07-04,Returned
1734,The Alchemist,Fiction,Matthew,2025-06-03,2025-06-12,Returned
1735,Rich Dad Poor Dad,Finance,Patrick,2025-06-05,2025-06-20,Returned
1736,Wings of Fire,Biography,Susan,2025-07-14,2025-07-21,Returned
1737,Sapiens,History,Caleb,2025-06-25,2025-08-10,Borrowed
1738,Rich Dad Poor Dad,Finance,Joseph,2025-06-02,2025-06-09,Overdue
1739,The Power of Now,Spirituality,Kevin,2025-06-21,2025-06-28,Overdue
1740,Nineteen Eighty-Four,Fiction,Mary,2025-07-23,2025-07-30,Overdue
1741,Diary of a Wimpy Kid,Comedy,Mike,2025-07-28,2025-08-12,Borrowed
1742,Python Crash Course,Education,Lisa,2025-07-08,2025-07-15,Overdue
1743,The Hobbit,Fiction,Tiffany,2025-06-12,2025-06-18,Returned
1744,Harry Potter,Fiction,Gregory,2025-06-11,2025-06-19,Returned
1745,Sapiens,History,Kari,2025-06-05,2025-06-10,Returned
1746,The Subtle Art of Not Giving a F*ck,Self-help,Tamara,2025-07-29,2025-08-01,Returned
1747,Harry Potter,Fiction,Rebekah,2025-07-10,2025-07-15,Returned
1748,Python Crash Course,Education,Megan,2025-06-30,2025-08-06,Borrowed
1749,The Power of Now,Spirituality,Jesse,2025-07-19,2025-08-08,Borrowed
1750,Animal Farm,Fiction,Alison,2025-06-23,2025-06-30,Overdue
1751,Nineteen Eighty-Four,Fiction,Jennifer,2025-07-16,2025-08-11,Borrowed
1752,Nineteen Eighty-Four,Fiction,Robert,2025-07-03,2025-07-10,Overdue
1753,Percy Jackson,Fantasy,Sara,2025-06-18,2025-08-08,Borrowed
1754,Wings of Fire,Biography,Douglas,2025-07-31,2025-08-14,Borrowed
1755,The Silent Patient,Thriller,Shawn,2025-07-14,2025-07-21,Overdue
1756,Diary of a Wimpy Kid,Comedy,Alan,2025-06-09,2025-06-16,Overdue
1757,Data Science 101,Education,Edward,2025-07-12,2025-07-18,Returned
1758,Atomic Habits,Self-help,William,2025-06-23,2025-07-06,Returned
1759,Harry Potter,Fiction,Derek,2025-06-24,2025-08-08,Borrowed
1760,The Alchemist,Fiction,Candice,2025-06-24,2025-07-01,Overdue
1761,Math Magic,Education,Joshua,2025-06-09,2025-06-16,Overdue
1762,The Hobbit,Fiction,Tamara,2025-07-14,2025-07-21,Overdue
1763,Algorithms Unlocked,Education,Donna,2025-06-24,2025-08-03,Borrowed
1764,Percy Jackson,Fantasy,Patricia,2025-07-16,2025-07-29,Returned
1765,Data Science 101,Education,Anthony,2025-06-18,2025-06-25,Overdue
1766,The Alchemist,Fiction,Sherry,2025-07-13,2025-07-20,Overdue
1767,Algorithms Unlocked,Education,Melinda,2025-06-22,2025-06-29,Returned
1768,Atomic Habits,Self-help,Jacob,2025-06-27,2025-08-11,Borrowed
1769,The Hobbit,Fiction,Anthony,2025-06-30,2025-07-07,Overdue
1770,Atomic Habits,Self-help,Louis,2025-06-16,2025-06-23,Overdue
1771,The Alchemist,Fiction,David,2025-07-08,2025-07-19,Returned
1772,Science World,Education,April,2025-07-19,2025-07-25,Returned
1773,Sapiens,History,Gail,2025-06-08,2025-08-05,Borrowed
1774,Diary of a Wimpy Kid,Comedy,Tara,2025-07-29,2025-08-01,Returned
1775,The Subtle Art of Not Giving a F*ck,Self-help,Christopher,2025-07-17,2025-08-07,Borrowed
1776,Harry Potter,Fiction,Ashley,2025-06-07,2025-08-09,Borrowed
1777,Rich Dad Poor Dad,Finance,Frank,2025-06-06,2025-08-08,Borrowed
1778,Python Crash Course,Education,Shawn,2025-07-06,2025-07-13,Returned
1779,Atomic Habits,Self-help,Christine,2025-07-30,2025-08-01,Returned
1780,The Silent Patient,Thriller,Christie,2025-06-24,2025-07-02,Returned
1781,Diary of a Wimpy Kid,Comedy,Sarah,2025-07-09,2025-08-04,Borrowed
1782,Atomic Habits,Self-help,Charlotte,2025-07-13,2025-08-03,Borrowed
1783,Harry Potter,Fiction,Sara,2025-07-30,2025-08-01,Returned
1784,Percy Jackson,Fantasy,Catherine,2025-06-19,2025-08-04,Borrowed
1785,Python Crash Course,Education,John,2025-06-22,2025-07-04,Returned
1786,Nineteen Eighty-Four,Fiction,Jaclyn,2025-06-06,2025-08-03,Borrowed
1787,Sapiens,History,Anthony,2025-06-05,2025-08-11,Borrowed
1788,The Alchemist,Fiction,Anthony,2025-07-02,2025-08-08,Borrowed
1789,Atomic Habits,Self-help,Ashley,2025-06-15,2025-06-21,Returned
1790,The Power of Now,Spirituality,Kaitlyn,2025-07-11,2025-07-19,Returned
1791,Animal Farm,Fiction,Christopher,2025-07-26,2025-08-10,Borrowed
1792,Percy Jackson,Fantasy,Rachael,2025-07-19,2025-08-04,Borrowed
1793,Diary of a Wimpy Kid,Comedy,Holly,2025-07-30,2025-08-01,Returned
1794,Python Crash Course,Education,Kim,2025-07-27,2025-08-01,Returned
1795,Diary of a Wimpy Kid,Comedy,Michael,2025-06-10,2025-08-05,Borrowed
1796,Rich Dad Poor Dad,Finance,Andrea,2025-06-06,2025-06-20,Returned
1797,Wings of Fire,Biography,Joel,2025-06-18,2025-08-02,Borrowed
1798,Atomic Habits,Self-help,John,2025-07-30,2025-07-28,Overdue
1799,The Alchemist,Fiction,Belinda,2025-06-15,2025-08-11,Borrowed
1800,Science World,Education,Megan,2025-06-11,2025-08-05,Borrowed
1801,Rich Dad Poor Dad,Finance,Lynn,2025-06-22,2025-08-08,Borrowed
1802,The Alchemist,Fiction,Charles,2025-06-13,2025-06-22,Returned
1803,Rich Dad Poor Dad,Finance,Brooke,2025-06-03,2025-06-17,Returned
1804,The Alchemist,Fiction,Justin,2025-06-05,2025-08-08,Borrowed
1805,Sapiens,History,Daniel,2025-07-13,2025-07-20,Overdue
1806,Java Programming,Education,Monique,2025-07-09,2025-07-16,Overdue
1807,Animal Farm,Fiction,Ashley,2025-06-26,2025-07-11,Returned
1808,Harry Potter,Fiction,Nicholas,2025-07-29,2025-07-30,Overdue
1809,Wings of Fire,Biography,John,2025-07-03,2025-07-10,Overdue
1810,Diary of a Wimpy Kid,Comedy,Cody,2025-06-27,2025-07-08,Returned
1811,Science World,Education,Ronald,2025-06-21,2025-08-06,Borrowed
1812,Science World,Education,Rachel,2025-07-24,2025-08-01,Returned
1813,Diary of a Wimpy Kid,Comedy,Jesse,2025-07-01,2025-07-08,Overdue
1814,Rich Dad Poor Dad,Finance,Todd,2025-06-09,2025-06-23,Returned
1815,Nineteen Eighty-Four,Fiction,Erin,2025-07-27,2025-08-01,Returned
1816,Sapiens,History,Anthony,2025-06-06,2025-06-19,Returned
1817,Diary of a Wimpy Kid,Comedy,Erika,2025-07-28,2025-08-01,Returned
1818,Sapiens,History,Kyle,2025-07-25,2025-08-01,Returned
1819,Data Science 101,Education,Whitney,2025-06-14,2025-06-21,Overdue
1820,Atomic Habits,Self-help,Mary,2025-06-17,2025-06-24,Overdue
1821,Python Crash Course,Education,Melinda,2025-06-08,2025-08-06,Borrowed
1822,The Hobbit,Fiction,Corey,2025-06-11,2025-06-24,Returned
1823,The Power of Now,Spirituality,Kelly,2025-06-11,2025-06-25,Returned
1824,The Hobbit,Fiction,Scott,2025-07-21,2025-08-09,Borrowed
1825,Algorithms Unlocked,Education,Joseph,2025-06-21,2025-08-02,Borrowed
1826,Rich Dad Poor Dad,Finance,Kimberly,2025-07-20,2025-08-03,Borrowed
1827,Math Magic,Education,Misty,2025-07-24,2025-08-07,Borrowed
1828,Wings of Fire,Biography,Mark,2025-07-06,2025-07-14,Returned
1829,Sapiens,History,Jesus,2025-07-23,2025-08-09,Borrowed
1830,The Alchemist,Fiction,Eric,2025-07-18,2025-08-03,Borrowed
1831,Harry Potter,Fiction,Jose,2025-06-03,2025-06-13,Returned
1832,Animal Farm,Fiction,Brian,2025-06-24,2025-07-02,Returned
1833,The Power of Now,Spirituality,Christopher,2025-06-02,2025-08-08,Borrowed
1834,Wings of Fire,Biography,Lori,2025-07-18,2025-07-26,Returned
1835,Animal Farm,Fiction,Travis,2025-06-07,2025-06-14,Returned
1836,Python Crash Course,Education,Brian,2025-07-05,2025-08-11,Borrowed
1837,Java Programming,Education,Danielle,2025-06-06,2025-06-18,Returned
1838,Atomic Habits,Self-help,Melinda,2025-06-28,2025-07-03,Returned
1839,Java Programming,Education,Michael,2025-07-19,2025-07-28,Returned
1840,Diary of a Wimpy Kid,Comedy,Heather,2025-06-24,2025-08-10,Borrowed
1841,Animal Farm,Fiction,Angel,2025-06-25,2025-08-09,Borrowed
1842,Math Magic,Education,David,2025-07-31,2025-08-01,Returned
1843,Rich Dad Poor Dad,Finance,David,2025-06-25,2025-07-02,Overdue
1844,The Alchemist,Fiction,Matthew,2025-06-04,2025-08-08,Borrowed
1845,Algorithms Unlocked,Education,Michael,2025-06-22,2025-08-09,Borrowed
1846,The Subtle Art of Not Giving a F*ck,Self-help,Jason,2025-07-04,2025-07-11,Overdue
1847,The Silent Patient,Thriller,Timothy,2025-06-29,2025-07-13,Returned
1848,Science World,Education,Julia,2025-07-11,2025-08-06,Borrowed
1849,Math Magic,Education,Tiffany,2025-06-07,2025-08-04,Borrowed
1850,Nineteen Eighty-Four,Fiction,Jimmy,2025-06-27,2025-07-08,Returned
1851,Science World,Education,Christopher,2025-06-13,2025-08-04,Borrowed
1852,Rich Dad Poor Dad,Finance,Virginia,2025-07-01,2025-07-16,Returned
1853,Animal Farm,Fiction,Andrew,2025-06-09,2025-08-06,Borrowed
1854,Science World,Education,Natasha,2025-06-05,2025-08-09,Borrowed
1855,The Subtle Art of Not Giving a F*ck,Self-help,Arthur,2025-07-25,2025-07-31,Overdue
1856,Rich Dad Poor Dad,Finance,Benjamin,2025-06-15,2025-08-08,Borrowed
1857,The Power of Now,Spirituality,Nicole,2025-07-05,2025-07-18,Returned
1858,Python Crash Course,Education,Sandra,2025-06-27,2025-07-12,Returned
1859,Wings of Fire,Biography,Nicole,2025-06-25,2025-08-11,Borrowed
1860,Harry Potter,Fiction,Robert,2025-07-10,2025-08-06,Borrowed
1861,The Hobbit,Fiction,Justin,2025-06-29,2025-08-09,Borrowed
1862,Algorithms Unlocked,Education,Tara,2025-07-19,2025-07-31,Returned
1863,Math Magic,Education,Vanessa,2025-07-17,2025-08-10,Borrowed
1864,Sapiens,History,Fernando,2025-07-24,2025-07-31,Overdue
1865,Data Science 101,Education,Steven,2025-07-12,2025-07-24,Returned
1866,Python Crash Course,Education,Grace,2025-06-18,2025-06-24,Returned
1867,The Hobbit,Fiction,Kristen,2025-06-10,2025-06-17,Overdue
1868,Data Science 101,Education,Tanya,2025-06-14,2025-08-03,Borrowed
1869,Wings of Fire,Biography,Amber,2025-07-22,2025-07-28,Returned
1870,The Hobbit,Fiction,Angie,2025-07-13,2025-07-20,Overdue
1871,Algorithms Unlocked,Education,Michael,2025-06-06,2025-06-13,Overdue
1872,The Subtle Art of Not Giving a F*ck,Self-help,Eric,2025-06-30,2025-07-15,Returned
1873,The Subtle Art of Not Giving a F*ck,Self-help,Ashley,2025-06-02,2025-06-09,Returned
1874,Java Programming,Education,Erica,2025-07-22,2025-07-27,Returned
1875,The Power of Now,Spirituality,Rhonda,2025-07-16,2025-07-25,Returned
1876,Animal Farm,Fiction,Megan,2025-07-06,2025-07-13,Overdue
1877,The Silent Patient,Thriller,Jason,2025-06-16,2025-06-25,Returned
1878,Nineteen Eighty-Four,Fiction,Katrina,2025-06-02,2025-06-09,Overdue
1879,Science World,Education,Mark,2025-06-22,2025-06-29,Overdue
1880,Percy Jackson,Fantasy,Michael,2025-07-16,2025-08-04,Borrowed
1881,The Hobbit,Fiction,Amber,2025-06-20,2025-06-27,Returned
1882,The Hobbit,Fiction,James,2025-06-24,2025-08-04,Borrowed
1883,Algorithms Unlocked,Education,Taylor,2025-06-24,2025-08-08,Borrowed
1884,Atomic Habits,Self-help,Valerie,2025-06-09,2025-08-03,Borrowed
1885,Atomic Habits,Self-help,Lisa,2025-06-08,2025-06-21,Returned
1886,Sapiens,History,Andrew,2025-06-30,2025-07-07,Overdue
1887,The Alchemist,Fiction,Andrew,2025-07-19,2025-08-03,Borrowed
1888,Wings of Fire,Biography,Gregory,2025-07-28,2025-08-01,Returned
1889,Sapiens,History,Ashley,2025-07-05,2025-07-11,Returned
1890,Atomic Habits,Self-help,Nicole,2025-07-16,2025-07-23,Overdue
1891,Java Programming,Education,Melissa,2025-07-20,2025-08-06,Borrowed
1892,The Alchemist,Fiction,Adrienne,2025-06-07,2025-06-20,Returned
1893,Algorithms Unlocked,Education,Michael,2025-07-01,2025-07-13,Returned
1894,Data Science 101,Education,Madeline,2025-07-09,2025-08-09,Borrowed
1895,Harry Potter,Fiction,Mary,2025-07-26,2025-07-30,Overdue
1896,Wings of Fire,Biography,Elizabeth,2025-07-23,2025-08-08,Borrowed
1897,Java Programming,Education,Christopher,2025-06-17,2025-06-24,Overdue
1898,The Silent Patient,Thriller,Gregory,2025-07-30,2025-07-29,Overdue
1899,Diary of a Wimpy Kid,Comedy,Valerie,2025-07-11,2025-08-03,Borrowed
1900,Sapiens,History,Whitney,2025-06-16,2025-06-23,Overdue
1901,Animal Farm,Fiction,Julie,2025-07-12,2025-08-06,Borrowed
1902,The Hobbit,Fiction,Michelle,2025-06-07,2025-06-18,Returned
1903,Math Magic,Education,Danielle,2025-07-04,2025-08-03,Borrowed
1904,Science World,Education,Stacey,2025-07-01,2025-08-09,Borrowed
1905,Harry Potter,Fiction,Brent,2025-07-29,2025-08-01,Returned
1906,Math Magic,Education,Brooke,2025-07-04,2025-07-15,Returned
1907,Rich Dad Poor Dad,Finance,Laura,2025-06-14,2025-08-03,Borrowed
1908,Math Magic,Education,Jonathan,2025-06-30,2025-08-06,Borrowed
1909,Science World,Education,David,2025-07-17,2025-07-28,Returned
1910,Science World,Education,Steven,2025-07-11,2025-07-18,Overdue
1911,Science World,Education,Robert,2025-07-30,2025-08-01,Returned
1912,Harry Potter,Fiction,William,2025-07-13,2025-07-27,Returned
1913,Wings of Fire,Biography,Mary,2025-07-10,2025-07-20,Returned
1914,Science World,Education,Kimberly,2025-07-06,2025-07-17,Returned
1915,Wings of Fire,Biography,Heather,2025-07-31,2025-08-08,Borrowed
1916,Science World,Education,Carol,2025-06-08,2025-06-14,Returned
1917,Atomic Habits,Self-help,Melissa,2025-07-29,2025-07-29,Overdue
1918,Science World,Education,Kathryn,2025-07-22,2025-08-03,Borrowed
1919,The Hobbit,Fiction,James,2025-07-09,2025-07-22,Returned
1920,The Subtle Art of Not Giving a F*ck,Self-help,Ian,2025-07-07,2025-07-16,Returned
1921,Harry Potter,Fiction,Valerie,2025-06-26,2025-07-03,Overdue
1922,Java Programming,Education,Stephanie,2025-06-16,2025-06-29,Returned
1923,Java Programming,Education,Anne,2025-07-24,2025-08-04,Borrowed
1924,The Hobbit,Fiction,Melinda,2025-07-07,2025-08-05,Borrowed
1925,Rich Dad Poor Dad,Finance,Michael,2025-06-15,2025-06-30,Returned
1926,Nineteen Eighty-Four,Fiction,Kimberly,2025-06-09,2025-06-16,Overdue
1927,The Alchemist,Fiction,Miguel,2025-06-27,2025-08-11,Borrowed
1928,Python Crash Course,Education,Laura,2025-06-02,2025-06-12,Returned
1929,Animal Farm,Fiction,Thomas,2025-07-03,2025-07-10,Overdue
1930,Diary of a Wimpy Kid,Comedy,Elizabeth,2025-06-18,2025-06-23,Returned
1931,Harry Potter,Fiction,Pamela,2025-06-20,2025-08-02,Borrowed
1932,Atomic Habits,Self-help,Dean,2025-07-17,2025-08-10,Borrowed
1933,Python Crash Course,Education,Phillip,2025-06-17,2025-06-28,Returned
1934,Diary of a Wimpy Kid,Comedy,Nicholas,2025-07-15,2025-07-30,Returned
1935,The Subtle Art of Not Giving a F*ck,Self-help,Nicole,2025-06-25,2025-08-06,Borrowed
1936,Diary of a Wimpy Kid,Comedy,Bridget,2025-06-18,2025-06-25,Overdue
1937,Science World,Education,Frances,2025-07-20,2025-08-11,Borrowed
1938,Diary of a Wimpy Kid,Comedy,Nathan,2025-07-28,2025-08-01,Returned
1939,The Hobbit,Fiction,Heather,2025-07-02,2025-08-08,Borrowed
1940,Math Magic,Education,Allison,2025-07-03,2025-07-15,Returned
1941,Data Science 101,Education,Tiffany,2025-07-11,2025-07-20,Returned
1942,Animal Farm,Fiction,Linda,2025-07-18,2025-08-04,Borrowed
1943,Harry Potter,Fiction,Dana,2025-07-22,2025-07-29,Returned
1944,Sapiens,History,Tamara,2025-07-01,2025-07-14,Returned
1945,Percy Jackson,Fantasy,Lisa,2025-07-26,2025-08-06,Borrowed
1946,Math Magic,Education,Stacy,2025-06-06,2025-08-08,Borrowed
1947,Percy Jackson,Fantasy,Ruth,2025-07-15,2025-08-11,Borrowed
1948,Diary of a Wimpy Kid,Comedy,Zachary,2025-07-02,2025-07-14,Returned
1949,Sapiens,History,David,2025-06-04,2025-06-09,Returned
1950,Algorithms Unlocked,Education,Cathy,2025-06-03,2025-08-06,Borrowed
1951,Math Magic,Education,Claire,2025-06-04,2025-06-18,Returned
1952,Math Magic,Education,Monica,2025-07-09,2025-07-17,Returned
1953,Harry Potter,Fiction,Calvin,2025-07-20,2025-07-27,Overdue
1954,Harry Potter,Fiction,Mark,2025-06-15,2025-08-07,Borrowed
1955,Atomic Habits,Self-help,Kelsey,2025-07-18,2025-08-02,Borrowed
1956,The Power of Now,Spirituality,Jacob,2025-07-01,2025-07-16,Returned
1957,The Alchemist,Fiction,Joseph,2025-07-26,2025-08-01,Returned
1958,The Alchemist,Fiction,Brian,2025-06-08,2025-06-15,Overdue
1959,Algorithms Unlocked,Education,Allen,2025-07-23,2025-08-02,Borrowed
1960,Animal Farm,Fiction,Judy,2025-07-26,2025-07-31,Overdue
1961,Atomic Habits,Self-help,Cameron,2025-06-06,2025-06-13,Overdue
1962,The Silent Patient,Thriller,Thomas,2025-07-01,2025-08-10,Borrowed
1963,Wings of Fire,Biography,Timothy,2025-07-30,2025-08-06,Borrowed
1964,Algorithms Unlocked,Education,Mary,2025-07-02,2025-07-11,Returned
1965,The Hobbit,Fiction,Jeffrey,2025-07-01,2025-08-09,Borrowed
1966,Java Programming,Education,Teresa,2025-07-24,2025-08-01,Returned
1967,The Hobbit,Fiction,Daniel,2025-06-19,2025-08-08,Borrowed
1968,Harry Potter,Fiction,Mark,2025-06-26,2025-07-04,Returned
1969,Harry Potter,Fiction,Jessica,2025-07-12,2025-08-08,Borrowed
1970,The Silent Patient,Thriller,Daniel,2025-07-12,2025-08-05,Borrowed
1971,Python Crash Course,Education,Ralph,2025-06-04,2025-06-11,Overdue
1972,Science World,Education,Ray,2025-07-24,2025-08-05,Borrowed
1973,Nineteen Eighty-Four,Fiction,Michele,2025-07-05,2025-07-16,Returned
1974,Sapiens,History,Eric,2025-07-07,2025-07-14,Overdue
1975,Diary of a Wimpy Kid,Comedy,Michael,2025-06-10,2025-08-04,Borrowed
1976,Atomic Habits,Self-help,Joseph,2025-07-24,2025-07-30,Returned
1977,Data Science 101,Education,Rose,2025-07-27,2025-08-01,Returned
1978,Science World,Education,Matthew,2025-06-07,2025-08-07,Borrowed
1979,Atomic Habits,Self-help,Jason,2025-06-30,2025-08-06,Borrowed
1980,The Hobbit,Fiction,Grace,2025-07-11,2025-07-18,Overdue
1981,Science World,Education,Laura,2025-06-25,2025-08-03,Borrowed
1982,Animal Farm,Fiction,Jesse,2025-06-04,2025-06-16,Returned
1983,Python Crash Course,Education,Lynn,2025-06-15,2025-06-21,Returned
1984,Java Programming,Education,Tyler,2025-06-18,2025-08-06,Borrowed
1985,Math Magic,Education,Kimberly,2025-06-29,2025-08-06,Borrowed
1986,The Subtle Art of Not Giving a F*ck,Self-help,Ryan,2025-06-19,2025-08-07,Borrowed
1987,Science World,Education,Douglas,2025-06-11,2025-06-17,Returned
1988,Sapiens,History,Susan,2025-07-05,2025-07-16,Returned
1989,The Silent Patient,Thriller,Amy,2025-07-22,2025-07-29,Overdue
1990,Animal Farm,Fiction,Rachel,2025-06-10,2025-06-17,Overdue
1991,Wings of Fire,Biography,Daniel,2025-06-11,2025-06-24,Returned
1992,The Hobbit,Fiction,Michael,2025-07-16,2025-07-22,Returned
1993,Science World,Education,Sarah,2025-06-04,2025-08-05,Borrowed
1994,Science World,Education,Adrian,2025-07-21,2025-07-28,Overdue
1995,Sapiens,History,Tina,2025-07-19,2025-08-01,Returned
1996,Diary of a Wimpy Kid,Comedy,Joanne,2025-06-20,2025-07-04,Returned
1997,Diary of a Wimpy Kid,Comedy,Seth,2025-07-23,2025-07-30,Overdue
1998,Java Programming,Education,Brian,2025-06-23,2025-07-08,Returned
1999,Science World,Education,Christine,2025-07-20,2025-07-27,Overdue
2000,The Alchemist,Fiction,Donna,2025-07-12,2025-08-09,Borrowed
